{
    "site.sql": {
        "dbtype": "mysqli",
        "dbtech": "mysql",
        "dbname": "GIMNASIO",
        "sqlfile": "site.sql",
        "marker": "\n\/**ABDB**\/",
        "dbhost": "localhost",
        "dbport": "",
        "dbsocket": "",
        "dbuser": "root",
        "dbpass": "root",
        "prefix": "joom_",
        "dbencryption": 0,
        "dbsslcipher": "",
        "dbsslca": "",
        "dbsslkey": "",
        "dbsslcert": "",
        "dbsslverifyservercert": 0,
        "parts": 4,
        "tables": [
            "jo_action_log_config",
            "jo_action_logs",
            "jo_action_logs_extensions",
            "jo_action_logs_users",
            "jo_assets",
            "jo_associations",
            "jo_banner_clients",
            "jo_banner_tracks",
            "jo_banners",
            "jo_categories",
            "jo_contact_details",
            "jo_content",
            "jo_content_frontpage",
            "jo_content_rating",
            "jo_content_types",
            "jo_contentitem_tag_map",
            "jo_core_log_searches",
            "jo_extensions",
            "jo_fields",
            "jo_fields_categories",
            "jo_fields_groups",
            "jo_fields_values",
            "jo_finder_filters",
            "jo_finder_links",
            "jo_finder_links_terms0",
            "jo_finder_links_terms1",
            "jo_finder_links_terms2",
            "jo_finder_links_terms3",
            "jo_finder_links_terms4",
            "jo_finder_links_terms5",
            "jo_finder_links_terms6",
            "jo_finder_links_terms7",
            "jo_finder_links_terms8",
            "jo_finder_links_terms9",
            "jo_finder_links_termsa",
            "jo_finder_links_termsb",
            "jo_finder_links_termsc",
            "jo_finder_links_termsd",
            "jo_finder_links_termse",
            "jo_finder_links_termsf",
            "jo_finder_taxonomy",
            "jo_finder_taxonomy_map",
            "jo_finder_terms",
            "jo_finder_terms_common",
            "jo_finder_tokens",
            "jo_finder_tokens_aggregate",
            "jo_finder_types",
            "jo_languages",
            "jo_menu",
            "jo_menu_types",
            "jo_messages",
            "jo_messages_cfg",
            "jo_modules",
            "jo_modules_menu",
            "jo_newsfeeds",
            "jo_overrider",
            "jo_postinstall_messages",
            "jo_privacy_consents",
            "jo_privacy_requests",
            "jo_redirect_links",
            "jo_schemas",
            "jo_session",
            "jo_tags",
            "jo_template_styles",
            "jo_ucm_base",
            "jo_ucm_content",
            "jo_ucm_history",
            "jo_update_sites",
            "jo_update_sites_extensions",
            "jo_updates",
            "jo_user_keys",
            "jo_user_notes",
            "jo_user_profiles",
            "jo_user_usergroup_map",
            "jo_usergroups",
            "jo_users",
            "jo_utf8_conversion",
            "jo_viewlevels",
            "jo_virtuemart_adminmenuentries",
            "jo_virtuemart_calc_categories",
            "jo_virtuemart_calc_countries",
            "jo_virtuemart_calc_manufacturers",
            "jo_virtuemart_calc_shoppergroups",
            "jo_virtuemart_calc_states",
            "jo_virtuemart_calcs",
            "jo_virtuemart_carts",
            "jo_virtuemart_categories",
            "jo_virtuemart_categories_es_es",
            "jo_virtuemart_category_categories",
            "jo_virtuemart_category_medias",
            "jo_virtuemart_configs",
            "jo_virtuemart_countries",
            "jo_virtuemart_coupons",
            "jo_virtuemart_currencies",
            "jo_virtuemart_customs",
            "jo_virtuemart_invoices",
            "jo_virtuemart_manufacturer_medias",
            "jo_virtuemart_manufacturercategories",
            "jo_virtuemart_manufacturercategories_es_es",
            "jo_virtuemart_manufacturers",
            "jo_virtuemart_manufacturers_es_es",
            "jo_virtuemart_medias",
            "jo_virtuemart_migration_oldtonew_ids",
            "jo_virtuemart_modules",
            "jo_virtuemart_order_calc_rules",
            "jo_virtuemart_order_histories",
            "jo_virtuemart_order_item_histories",
            "jo_virtuemart_order_items",
            "jo_virtuemart_order_userinfos",
            "jo_virtuemart_orders",
            "jo_virtuemart_orderstates",
            "jo_virtuemart_paymentmethod_shoppergroups",
            "jo_virtuemart_paymentmethods",
            "jo_virtuemart_paymentmethods_es_es",
            "jo_virtuemart_product_categories",
            "jo_virtuemart_product_customfields",
            "jo_virtuemart_product_manufacturers",
            "jo_virtuemart_product_medias",
            "jo_virtuemart_product_prices",
            "jo_virtuemart_product_shoppergroups",
            "jo_virtuemart_products",
            "jo_virtuemart_products_es_es",
            "jo_virtuemart_rating_reviews",
            "jo_virtuemart_rating_votes",
            "jo_virtuemart_ratings",
            "jo_virtuemart_shipmentmethod_shoppergroups",
            "jo_virtuemart_shipmentmethods",
            "jo_virtuemart_shipmentmethods_es_es",
            "jo_virtuemart_shoppergroups",
            "jo_virtuemart_states",
            "jo_virtuemart_userfield_values",
            "jo_virtuemart_userfields",
            "jo_virtuemart_userinfos",
            "jo_virtuemart_vendor_medias",
            "jo_virtuemart_vendor_users",
            "jo_virtuemart_vendors",
            "jo_virtuemart_vendors_es_es",
            "jo_virtuemart_vmuser_shoppergroups",
            "jo_virtuemart_vmusers",
            "jo_virtuemart_waitingusers",
            "jo_virtuemart_worldzones",
            "#__action_log_config",
            "#__action_logs",
            "#__action_logs_extensions",
            "#__action_logs_users",
            "#__ak_profiles",
            "#__ak_stats",
            "#__ak_storage",
            "#__akeeba_common",
            "#__assets",
            "#__associations",
            "#__banner_clients",
            "#__banner_tracks",
            "#__banners",
            "#__categories",
            "#__contact_details",
            "#__content",
            "#__content_frontpage",
            "#__content_rating",
            "#__content_types",
            "#__contentitem_tag_map",
            "#__core_log_searches",
            "#__extensions",
            "#__fields",
            "#__fields_categories",
            "#__fields_groups",
            "#__fields_values",
            "#__finder_filters",
            "#__finder_links",
            "#__finder_links_terms0",
            "#__finder_links_terms1",
            "#__finder_links_terms2",
            "#__finder_links_terms3",
            "#__finder_links_terms4",
            "#__finder_links_terms5",
            "#__finder_links_terms6",
            "#__finder_links_terms7",
            "#__finder_links_terms8",
            "#__finder_links_terms9",
            "#__finder_links_termsa",
            "#__finder_links_termsb",
            "#__finder_links_termsc",
            "#__finder_links_termsd",
            "#__finder_links_termse",
            "#__finder_links_termsf",
            "#__finder_taxonomy",
            "#__finder_taxonomy_map",
            "#__finder_terms",
            "#__finder_terms_common",
            "#__finder_tokens",
            "#__finder_tokens_aggregate",
            "#__finder_types",
            "#__languages",
            "#__menu",
            "#__menu_types",
            "#__messages",
            "#__messages_cfg",
            "#__minitek_faqbook_answers",
            "#__minitek_faqbook_attachments",
            "#__minitek_faqbook_customfields",
            "#__minitek_faqbook_customfields_topics",
            "#__minitek_faqbook_customstates",
            "#__minitek_faqbook_email_templates",
            "#__minitek_faqbook_questions",
            "#__minitek_faqbook_sections",
            "#__minitek_faqbook_topics",
            "#__minitek_faqbook_votes",
            "#__modules",
            "#__modules_menu",
            "#__newsfeeds",
            "#__onevote_ballot_items",
            "#__onevote_elections",
            "#__onevote_groups",
            "#__onevote_nominations",
            "#__onevote_votes",
            "#__overrider",
            "#__postinstall_messages",
            "#__powr",
            "#__privacy_consents",
            "#__privacy_requests",
            "#__redirect_links",
            "#__schemas",
            "#__session",
            "#__sexy_answers",
            "#__sexy_categories",
            "#__sexy_polls",
            "#__sexy_templates",
            "#__sexy_votes",
            "#__tags",
            "#__template_styles",
            "#__ucm_base",
            "#__ucm_content",
            "#__ucm_history",
            "#__update_sites",
            "#__update_sites_extensions",
            "#__updates",
            "#__user_keys",
            "#__user_notes",
            "#__user_profiles",
            "#__user_usergroup_map",
            "#__usergroups",
            "#__users",
            "#__utf8_conversion",
            "#__viewlevels",
            "#__virtuemart_adminmenuentries",
            "#__virtuemart_calc_categories",
            "#__virtuemart_calc_countries",
            "#__virtuemart_calc_manufacturers",
            "#__virtuemart_calc_shoppergroups",
            "#__virtuemart_calc_states",
            "#__virtuemart_calcs",
            "#__virtuemart_carts",
            "#__virtuemart_categories",
            "#__virtuemart_categories_es_es",
            "#__virtuemart_category_categories",
            "#__virtuemart_category_medias",
            "#__virtuemart_configs",
            "#__virtuemart_countries",
            "#__virtuemart_coupons",
            "#__virtuemart_currencies",
            "#__virtuemart_customs",
            "#__virtuemart_invoices",
            "#__virtuemart_manufacturer_medias",
            "#__virtuemart_manufacturercategories",
            "#__virtuemart_manufacturercategories_es_es",
            "#__virtuemart_manufacturers",
            "#__virtuemart_manufacturers_es_es",
            "#__virtuemart_medias",
            "#__virtuemart_migration_oldtonew_ids",
            "#__virtuemart_modules",
            "#__virtuemart_order_calc_rules",
            "#__virtuemart_order_histories",
            "#__virtuemart_order_item_histories",
            "#__virtuemart_order_items",
            "#__virtuemart_order_userinfos",
            "#__virtuemart_orders",
            "#__virtuemart_orderstates",
            "#__virtuemart_payment_plg_paypal",
            "#__virtuemart_payment_plg_standard",
            "#__virtuemart_paymentmethod_shoppergroups",
            "#__virtuemart_paymentmethods",
            "#__virtuemart_paymentmethods_es_es",
            "#__virtuemart_product_categories",
            "#__virtuemart_product_customfields",
            "#__virtuemart_product_manufacturers",
            "#__virtuemart_product_medias",
            "#__virtuemart_product_prices",
            "#__virtuemart_product_shoppergroups",
            "#__virtuemart_products",
            "#__virtuemart_products_es_es",
            "#__virtuemart_rating_reviews",
            "#__virtuemart_rating_votes",
            "#__virtuemart_ratings",
            "#__virtuemart_shipment_plg_weight_countries",
            "#__virtuemart_shipmentmethod_shoppergroups",
            "#__virtuemart_shipmentmethods",
            "#__virtuemart_shipmentmethods_es_es",
            "#__virtuemart_shoppergroups",
            "#__virtuemart_states",
            "#__virtuemart_userfield_values",
            "#__virtuemart_userfields",
            "#__virtuemart_userinfos",
            "#__virtuemart_vendor_medias",
            "#__virtuemart_vendor_users",
            "#__virtuemart_vendors",
            "#__virtuemart_vendors_es_es",
            "#__virtuemart_vmuser_shoppergroups",
            "#__virtuemart_vmusers",
            "#__virtuemart_waitingusers",
            "#__virtuemart_worldzones"
        ]
    }
}